rsID,chr37,pos37,chr38,pos38
rs1015362,20,32738612,20,34150806
rs1042602,11,88911696,11,89178528
rs10510771,3,54721055,3,54687028
rs10513546,3,159551651,3,159833862
rs10765198,11,88969774,11,89236606
rs1110400,16,89986130,16,89919722
rs1126809,11,89017961,11,89284793
rs1129038,15,28356859,15,28111713
rs114873,12,89340293,12,88946516
rs11547464,16,89986091,16,89919683
rs11721758,4,155295076,4,154373924
rs11852452,15,28080692,15,27835546
rs12053317,2,219733973,2,218869251
rs12203592,6,396321,6,396321
rs12593929,15,28359258,15,28114112
rs12821256,12,89328335,12,88934558
rs12896399,14,92773663,14,92307319
rs12913832,15,28365618,15,28120472
rs12931267,16,89818732,16,89752324
rs1393350,11,89011046,11,89277878
rs1408794,9,12651340,9,12651340
rs1408799,9,12672097,9,12672097
rs1426654,15,48426484,15,48134287
rs1470608,15,28288121,15,28042975
rs1540771,6,466033,6,466033
rs1597196,15,28294922,15,28049776
rs1667394,15,28530182,15,28285036
rs16891982,5,33951693,5,33951588
rs16929340,9,12674124,9,12674124
rs17640804,7,42131390,7,42091791
rs1800401,15,28260053,15,28014907
rs1800407,15,28230318,15,27985172
rs1805005,16,89985844,16,89919436
rs1805007,16,89986117,16,89919709
rs1805008,16,89986144,16,89919736
rs1884777,14,37549418,14,37080213
rs201326893,16,89986122,16,89919714
rs2072590,2,177042633,2,176177905
rs2153271,9,16864521,9,16864523
rs2228479,16,89985940,16,89919532
rs224597,11,31979424,11,31957878
rs224644,11,31985157,11,31963611
rs2416791,12,11701488,12,11548554
rs2493272,1,3349513,1,3432949
rs2493292,1,3328659,1,3412095
rs260690,2,109579738,2,108963282
rs2671422,6,398775,6,398775
rs26722,5,33963870,5,33963765
rs28117,5,33962770,5,33962665
rs288139,5,107400505,5,108064804
rs2981432,10,123326646,10,121567132
rs2981578,10,123340311,10,121580797
rs33051,3,159599190,3,159881401
rs34424,5,107500144,5,108164443
rs35264875,11,68846399,11,69078931
rs35401,5,33941356,5,33941251
rs3750817,10,123332577,10,121573063
rs3827760,2,109513601,2,108897145
rs3930739,15,28040342,15,27795196
rs4049255,5,33883233,5,33883128
rs44637,12,52815465,12,52421681
rs4474514,12,88953959,12,88560182
rs4696584,4,155397517,4,154476365
rs4778138,15,28335820,15,28090674
rs4778199,15,28106587,15,27861441
rs4778241,15,28338713,15,28093567
rs4793422,17,70289225,17,72293084
rs4900109,14,92763391,14,92297047
rs4904847,14,92718046,14,92251702
rs4911414,20,32729444,20,34141638
rs4959270,6,457748,6,457748
rs4988235,2,136608646,2,135851076
rs510605,3,54709162,3,54675135
rs515920,3,54718721,3,54684694
rs597340,12,52837719,12,52443935
rs6058017,20,32856998,20,34269192
rs6059655,20,32665748,20,34077942
rs6142129,20,32819871,20,34232065
rs619865,20,33867697,20,35279894
rs625820,5,177995909,5,178568908
rs642742,12,89299746,12,88905969
rs6542787,2,109556365,2,108939909
rs662702,11,31809070,11,31787522
rs664776,11,31898473,11,31876927
rs6707044,2,19490759,2,19290998
rs683,9,12709305,9,12709305
rs7174027,15,28328765,15,28083619
rs7178315,15,28237909,15,27992763
rs7183877,15,28365733,15,28120587
rs734484,20,32479990,20,33892184
rs7483,1,110279701,1,109737079
rs7495174,15,28344238,15,28099092
rs751135,2,219720349,2,218855626
rs7559271,2,223068286,2,222203567
rs756134,1,110640235,1,110097613
rs768546,15,28101137,15,27855991
rs7702108,5,72493266,5,73197439
rs7748534,6,427152,6,427152
rs7773324,6,382559,6,382559
rs8006358,14,92705919,14,92239575
rs8034072,15,28186658,15,27941512
rs825537,2,19495989,2,19296228
rs851352,2,19475331,2,19275570
rs868688,1,3300807,1,3384243
rs872071,6,411064,6,411064
rs885479,16,89986154,16,89919746
rs892540,12,83417475,12,83023696
rs916977,15,28513364,15,28268218
rs9346612,6,169471078,6,169070983
rs9378774,6,382897,6,382897
rs938036,10,65658744,10,63898984
rs9790702,4,154891356,4,153970204
rs995030,12,88890671,12,88496894
rs17822931,16,48258198,16,48224287
rs671,12,112241766,12,111803962
